<?xml version="1.0" encoding="UTF-8"?>
<project-private xmlns="http://www.netbeans.org/ns/project-private/1">
    <editor-bookmarks xmlns="http://www.netbeans.org/ns/editor-bookmarks/2" lastBookmarkId="0"/>
    <open-files xmlns="http://www.netbeans.org/ns/projectui-open-files/2">
        <group>
            <file>file:/C:/Users/edwin/OneDrive/Documentos/NetBeansProjects/Ferreteria_Mirna/src/com/ferreteria/dao/Conexion.java</file>
            <file>file:/C:/Users/edwin/OneDrive/Documentos/NetBeansProjects/Ferreteria_Mirna/src/com/login/lib/Login.java</file>
            <file>file:/C:/Users/edwin/OneDrive/Documentos/NetBeansProjects/Ferreteria_Mirna/src/com/login/lib/Menu.java</file>
            <file>file:/C:/Users/edwin/OneDrive/Documentos/NetBeansProjects/Ferreteria_Mirna/src/com/login/lib/Registro.java</file>
            <file>file:/C:/Users/edwin/OneDrive/Documentos/NetBeansProjects/Ferreteria_Mirna/src/com/login/lib/Registro2.java</file>
        </group>
    </open-files>
</project-private>
